first_name,last_name,company,address,city,province,postal
Jude,Groch,Mario LTD,123 Luigi Ln,Mushroom City,TN,31313
Hermann,Altmann,HELM Industries,4890 Mt Royal Pl,San Diego,CA,92117
Aaron,Groch,Technifornia,3646 Carmel View Rd,San Diego,CA,92130
Miriam,Altmann-Barry,Partnerhip,992 Prospect Ave,Atlanta,GA,31306
Ellen,Barry,Grammy Cakes,456 Cookie Ct,New London,CT,21313
Joe,Smith,Lameco,42 Blueberry Rd,Metropolis,IL,31311
Joe,Smith,Lameco,42 Blueberry Rd,Metropolis,IL,31311
Joe,Smith,Lameco,42 Blueberry Rd,Metropolis,IL,31311
Joe,Smith,Lameco,42 Blueberry Rd,Metropolis,IL,31311
Joe,Smith,Lameco,42 Blueberry Rd,Metropolis,IL,31311
Joe,Smith,Lameco,42 Blueberry Rd,Metropolis,IL,31311
Joe,Smith,Lameco,42 Blueberry Rd,Metropolis,IL,31311
Joe,Smith,Lameco,42 Blueberry Rd,Metropolis,IL,31311
Joe,Smith,Lameco,42 Blueberry Rd,Metropolis,IL,31311
Joe,Smith,Lameco,42 Blueberry Rd,Metropolis,IL,31311
Joe,Smith,Lameco,42 Blueberry Rd,Metropolis,IL,31311
Joe,Smith,Lameco,42 Blueberry Rd,Metropolis,IL,31311
Joe,Smith,Lameco,42 Blueberry Rd,Metropolis,IL,31311
Joe,Smith,Lameco,42 Blueberry Rd,Metropolis,IL,31311
Joe,Smith,Lameco,42 Blueberry Rd,Metropolis,IL,31311
Joe,Smith,Lameco,42 Blueberry Rd,Metropolis,IL,31311
Joe,Smith,Lameco,42 Blueberry Rd,Metropolis,IL,31311
Joe,Smith,Lameco,42 Blueberry Rd,Metropolis,IL,31311
Joe,Smith,Lameco,42 Blueberry Rd,Metropolis,IL,31311
Joe,Smith,Lameco,42 Blueberry Rd,Metropolis,IL,31311
Joe,Smith,Lameco,42 Blueberry Rd,Metropolis,IL,31311
Joe,Smith,Lameco,42 Blueberry Rd,Metropolis,IL,31311
Joe,Smith,Lameco,42 Blueberry Rd,Metropolis,IL,31311
Joe,Smith,Lameco,42 Blueberry Rd,Metropolis,IL,31311
Joe,Smith,Lameco,43 Blueberry Rd,Metropolis,IL,31311
Joe,Smith,Lameco,44 Blueberry Rd,Metropolis,IL,31311
Joe,Smith,Lameco,45 Blueberry Rd,Metropolis,IL,31311
Joe,Smith,Lameco,46 Blueberry Rd,Metropolis,IL,31311
Joe,Smith,Lameco,47 Blueberry Rd,Metropolis,IL,31311
Joe,Smith,Lameco,48 Blueberry Rd,Metropolis,IL,31311
Joe,Smith,Lameco,49 Blueberry Rd,Metropolis,IL,31311
Joe,Smith,Lameco,50 Blueberry Rd,Metropolis,IL,31311
Joe,Smith,Lameco,51 Blueberry Rd,Metropolis,IL,31311
Joe,Smith,Lameco,52 Blueberry Rd,Metropolis,IL,31311
Joe,Smith,Lameco,53 Blueberry Rd,Metropolis,IL,31311
Joe,Smith,Lameco,54 Blueberry Rd,Metropolis,IL,31311
Joe,Smith,Lameco,55 Blueberry Rd,Metropolis,IL,31311
Joe,Smith,Lameco,56 Blueberry Rd,Metropolis,IL,31311
Joe,Smith,Lameco,57 Blueberry Rd,Metropolis,IL,31311
Joe,Smith,Lameco,58 Blueberry Rd,Metropolis,IL,31311
Joe,Smith,Lameco,59 Blueberry Rd,Metropolis,IL,31311
Joe,Smith,Lameco,60 Blueberry Rd,Metropolis,IL,31311
Joe,Smith,Lameco,61 Blueberry Rd,Metropolis,IL,31311
Joe,Smith,Lameco,62 Blueberry Rd,Metropolis,IL,31311
Joe,Smith,Lameco,63 Blueberry Rd,Metropolis,IL,31311
Joe,Smith,Lameco,64 Blueberry Rd,Metropolis,IL,31311
Joe,Smith,Lameco,65 Blueberry Rd,Metropolis,IL,31311
Joe,Smith,Lameco,66 Blueberry Rd,Metropolis,IL,31311
Joe,Smith,Lameco,67 Blueberry Rd,Metropolis,IL,31311
Joe,Smith,Lameco,68 Blueberry Rd,Metropolis,IL,31311
Joe,Smith,Lameco,69 Blueberry Rd,Metropolis,IL,31311
Joe,Smith,Lameco,70 Blueberry Rd,Metropolis,IL,31311
Joe,Smith,Lameco,71 Blueberry Rd,Metropolis,IL,31311
Joe,Smith,Lameco,72 Blueberry Rd,Metropolis,IL,31311
Joe,Smith,Lameco,73 Blueberry Rd,Metropolis,IL,31311
Joe,Smith,Lameco,74 Blueberry Rd,Metropolis,IL,31311
Joe,Smith,Lameco,75 Blueberry Rd,Metropolis,IL,31311
Joe,Smith,Lameco,76 Blueberry Rd,Metropolis,IL,31311
Joe,Smith,Lameco,77 Blueberry Rd,Metropolis,IL,31311
Joe,Smith,Lameco,78 Blueberry Rd,Metropolis,IL,31311
Joe,Smith,Lameco,79 Blueberry Rd,Metropolis,IL,31311
Joe,Smith,Lameco,80 Blueberry Rd,Metropolis,IL,31311
Joe,Smith,Lameco,81 Blueberry Rd,Metropolis,IL,31311
Joe,Smith,Lameco,82 Blueberry Rd,Metropolis,IL,31311
Joe,Smith,Lameco,83 Blueberry Rd,Metropolis,IL,31311
Joe,Smith,Lameco,84 Blueberry Rd,Metropolis,IL,31311
Joe,Smith,Lameco,85 Blueberry Rd,Metropolis,IL,31311
Joe,Smith,Lameco,86 Blueberry Rd,Metropolis,IL,31311
Joe,Smith,Lameco,87 Blueberry Rd,Metropolis,IL,31311
Joe,Smith,Lameco,88 Blueberry Rd,Metropolis,IL,31311
Joe,Smith,Lameco,89 Blueberry Rd,Metropolis,IL,31311
Joe,Smith,Lameco,90 Blueberry Rd,Metropolis,IL,31311
Joe,Smith,Lameco,91 Blueberry Rd,Metropolis,IL,31311
Joe,Smith,Lameco,92 Blueberry Rd,Metropolis,IL,31311
Joe,Smith,Lameco,93 Blueberry Rd,Metropolis,IL,31311
Joe,Smith,Lameco,94 Blueberry Rd,Metropolis,IL,31311
Joe,Smith,Lameco,95 Blueberry Rd,Metropolis,IL,31311
Joe,Smith,Lameco,96 Blueberry Rd,Metropolis,IL,31311
Joe,Smith,Lameco,97 Blueberry Rd,Metropolis,IL,31311
Joe,Smith,Lameco,98 Blueberry Rd,Metropolis,IL,31311
Joe,Smith,Lameco,99 Blueberry Rd,Metropolis,IL,31311
Joe,Smith,Lameco,100 Blueberry Rd,Metropolis,IL,31311
Joe,Smith,Lameco,101 Blueberry Rd,Metropolis,IL,31311
Joe,Smith,Lameco,102 Blueberry Rd,Metropolis,IL,31311
Joe,Smith,Lameco,103 Blueberry Rd,Metropolis,IL,31311
Joe,Smith,Lameco,104 Blueberry Rd,Metropolis,IL,31311
Joe,Smith,Lameco,105 Blueberry Rd,Metropolis,IL,31311
Joe,Smith,Lameco,106 Blueberry Rd,Metropolis,IL,31311
Joe,Smith,Lameco,107 Blueberry Rd,Metropolis,IL,31311
Joe,Smith,Lameco,108 Blueberry Rd,Metropolis,IL,31311
Joe,Smith,Lameco,109 Blueberry Rd,Metropolis,IL,31311
Joe,Smith,Lameco,110 Blueberry Rd,Metropolis,IL,31311
Joe,Smith,Lameco,111 Blueberry Rd,Metropolis,IL,31311
Joe,Smith,Lameco,112 Blueberry Rd,Metropolis,IL,31311
Joe,Smith,Lameco,113 Blueberry Rd,Metropolis,IL,31311
Joe,Smith,Lameco,114 Blueberry Rd,Metropolis,IL,31311
Joe,Smith,Lameco,115 Blueberry Rd,Metropolis,IL,31311
Joe,Smith,Lameco,116 Blueberry Rd,Metropolis,IL,31311
Joe,Smith,Lameco,117 Blueberry Rd,Metropolis,IL,31311
Joe,Smith,Lameco,118 Blueberry Rd,Metropolis,IL,31311
Joe,Smith,Lameco,119 Blueberry Rd,Metropolis,IL,31311
Joe,Smith,Lameco,120 Blueberry Rd,Metropolis,IL,31311
Joe,Smith,Lameco,121 Blueberry Rd,Metropolis,IL,31311
Joe,Smith,Lameco,122 Blueberry Rd,Metropolis,IL,31311
Joe,Smith,Lameco,123 Blueberry Rd,Metropolis,IL,31311
Joe,Smith,Lameco,124 Blueberry Rd,Metropolis,IL,31311
Joe,Smith,Lameco,125 Blueberry Rd,Metropolis,IL,31311
Joe,Smith,Lameco,126 Blueberry Rd,Metropolis,IL,31311
Joe,Smith,Lameco,127 Blueberry Rd,Metropolis,IL,31311
Joe,Smith,Lameco,128 Blueberry Rd,Metropolis,IL,31311
Joe,Smith,Lameco,129 Blueberry Rd,Metropolis,IL,31311
Joe,Smith,Lameco,130 Blueberry Rd,Metropolis,IL,31311
Joe,Smith,Lameco,131 Blueberry Rd,Metropolis,IL,31311
Joe,Smith,Lameco,132 Blueberry Rd,Metropolis,IL,31311
Joe,Smith,Lameco,133 Blueberry Rd,Metropolis,IL,31311
Joe,Smith,Lameco,134 Blueberry Rd,Metropolis,IL,31311
Joe,Smith,Lameco,135 Blueberry Rd,Metropolis,IL,31311
Joe,Smith,Lameco,136 Blueberry Rd,Metropolis,IL,31311
Joe,Smith,Lameco,137 Blueberry Rd,Metropolis,IL,31311
Joe,Smith,Lameco,138 Blueberry Rd,Metropolis,IL,31311
Joe,Smith,Lameco,139 Blueberry Rd,Metropolis,IL,31311
Joe,Smith,Lameco,140 Blueberry Rd,Metropolis,IL,31311
Joe,Smith,Lameco,141 Blueberry Rd,Metropolis,IL,31311
Joe,Smith,Lameco,142 Blueberry Rd,Metropolis,IL,31311
Joe,Smith,Lameco,143 Blueberry Rd,Metropolis,IL,31311
Joe,Smith,Lameco,144 Blueberry Rd,Metropolis,IL,31311
Joe,Smith,Lameco,145 Blueberry Rd,Metropolis,IL,31311
Joe,Smith,Lameco,146 Blueberry Rd,Metropolis,IL,31311
Joe,Smith,Lameco,147 Blueberry Rd,Metropolis,IL,31311
Joe,Smith,Lameco,148 Blueberry Rd,Metropolis,IL,31311
Joe,Smith,Lameco,149 Blueberry Rd,Metropolis,IL,31311
Joe,Smith,Lameco,150 Blueberry Rd,Metropolis,IL,31311
Joe,Smith,Lameco,151 Blueberry Rd,Metropolis,IL,31311
Joe,Smith,Lameco,152 Blueberry Rd,Metropolis,IL,31311
Joe,Smith,Lameco,153 Blueberry Rd,Metropolis,IL,31311
Joe,Smith,Lameco,154 Blueberry Rd,Metropolis,IL,31311
Joe,Smith,Lameco,155 Blueberry Rd,Metropolis,IL,31311
Joe,Smith,Lameco,156 Blueberry Rd,Metropolis,IL,31311
Joe,Smith,Lameco,157 Blueberry Rd,Metropolis,IL,31311
Joe,Smith,Lameco,158 Blueberry Rd,Metropolis,IL,31311
Joe,Smith,Lameco,159 Blueberry Rd,Metropolis,IL,31311
Joe,Smith,Lameco,160 Blueberry Rd,Metropolis,IL,31311
Joe,Smith,Lameco,161 Blueberry Rd,Metropolis,IL,31311
Joe,Smith,Lameco,162 Blueberry Rd,Metropolis,IL,31311
Joe,Smith,Lameco,163 Blueberry Rd,Metropolis,IL,31311
Joe,Smith,Lameco,164 Blueberry Rd,Metropolis,IL,31311
Joe,Smith,Lameco,165 Blueberry Rd,Metropolis,IL,31311
Joe,Smith,Lameco,166 Blueberry Rd,Metropolis,IL,31311
Joe,Smith,Lameco,167 Blueberry Rd,Metropolis,IL,31311
Joe,Smith,Lameco,168 Blueberry Rd,Metropolis,IL,31311
Joe,Smith,Lameco,169 Blueberry Rd,Metropolis,IL,31311
Joe,Smith,Lameco,170 Blueberry Rd,Metropolis,IL,31311
Joe,Smith,Lameco,171 Blueberry Rd,Metropolis,IL,31311
Joe,Smith,Lameco,172 Blueberry Rd,Metropolis,IL,31311
Joe,Smith,Lameco,173 Blueberry Rd,Metropolis,IL,31311
Joe,Smith,Lameco,174 Blueberry Rd,Metropolis,IL,31311
Joe,Smith,Lameco,175 Blueberry Rd,Metropolis,IL,31311
Joe,Smith,Lameco,176 Blueberry Rd,Metropolis,IL,31311
Joe,Smith,Lameco,177 Blueberry Rd,Metropolis,IL,31311
Joe,Smith,Lameco,178 Blueberry Rd,Metropolis,IL,31311
Joe,Smith,Lameco,179 Blueberry Rd,Metropolis,IL,31311
Joe,Smith,Lameco,180 Blueberry Rd,Metropolis,IL,31311
Joe,Smith,Lameco,181 Blueberry Rd,Metropolis,IL,31311
Joe,Smith,Lameco,182 Blueberry Rd,Metropolis,IL,31311
Joe,Smith,Lameco,183 Blueberry Rd,Metropolis,IL,31311
Joe,Smith,Lameco,184 Blueberry Rd,Metropolis,IL,31311
Joe,Smith,Lameco,185 Blueberry Rd,Metropolis,IL,31311
Joe,Smith,Lameco,186 Blueberry Rd,Metropolis,IL,31311
Joe,Smith,Lameco,187 Blueberry Rd,Metropolis,IL,31311
Joe,Smith,Lameco,188 Blueberry Rd,Metropolis,IL,31311
Joe,Smith,Lameco,189 Blueberry Rd,Metropolis,IL,31311
Joe,Smith,Lameco,190 Blueberry Rd,Metropolis,IL,31311
Joe,Smith,Lameco,191 Blueberry Rd,Metropolis,IL,31311
Joe,Smith,Lameco,192 Blueberry Rd,Metropolis,IL,31311
Joe,Smith,Lameco,193 Blueberry Rd,Metropolis,IL,31311
Joe,Smith,Lameco,194 Blueberry Rd,Metropolis,IL,31311
Joe,Smith,Lameco,195 Blueberry Rd,Metropolis,IL,31311
Joe,Smith,Lameco,196 Blueberry Rd,Metropolis,IL,31311
Joe,Smith,Lameco,197 Blueberry Rd,Metropolis,IL,31311
Joe,Smith,Lameco,198 Blueberry Rd,Metropolis,IL,31311
Joe,Smith,Lameco,199 Blueberry Rd,Metropolis,IL,31311
Joe,Smith,Lameco,200 Blueberry Rd,Metropolis,IL,31311
Joe,Smith,Lameco,201 Blueberry Rd,Metropolis,IL,31311
Joe,Smith,Lameco,202 Blueberry Rd,Metropolis,IL,31311
Joe,Smith,Lameco,203 Blueberry Rd,Metropolis,IL,31311
Joe,Smith,Lameco,204 Blueberry Rd,Metropolis,IL,31311
Joe,Smith,Lameco,205 Blueberry Rd,Metropolis,IL,31311
Joe,Smith,Lameco,206 Blueberry Rd,Metropolis,IL,31311
Joe,Smith,Lameco,207 Blueberry Rd,Metropolis,IL,31311
Joe,Smith,Lameco,208 Blueberry Rd,Metropolis,IL,31311
Joe,Smith,Lameco,209 Blueberry Rd,Metropolis,IL,31311
Joe,Smith,Lameco,210 Blueberry Rd,Metropolis,IL,31311
Joe,Smith,Lameco,211 Blueberry Rd,Metropolis,IL,31311
Joe,Smith,Lameco,212 Blueberry Rd,Metropolis,IL,31311
Joe,Smith,Lameco,213 Blueberry Rd,Metropolis,IL,31311
Joe,Smith,Lameco,214 Blueberry Rd,Metropolis,IL,31311
Joe,Smith,Lameco,215 Blueberry Rd,Metropolis,IL,31311
Joe,Smith,Lameco,216 Blueberry Rd,Metropolis,IL,31311
Joe,Smith,Lameco,217 Blueberry Rd,Metropolis,IL,31311
Joe,Smith,Lameco,218 Blueberry Rd,Metropolis,IL,31311
Joe,Smith,Lameco,219 Blueberry Rd,Metropolis,IL,31311
Joe,Smith,Lameco,220 Blueberry Rd,Metropolis,IL,31311
Joe,Smith,Lameco,221 Blueberry Rd,Metropolis,IL,31311
Joe,Smith,Lameco,222 Blueberry Rd,Metropolis,IL,31311
Joe,Smith,Lameco,223 Blueberry Rd,Metropolis,IL,31311
Joe,Smith,Lameco,224 Blueberry Rd,Metropolis,IL,31311
Joe,Smith,Lameco,225 Blueberry Rd,Metropolis,IL,31311
Joe,Smith,Lameco,226 Blueberry Rd,Metropolis,IL,31311
Joe,Smith,Lameco,227 Blueberry Rd,Metropolis,IL,31311
Joe,Smith,Lameco,228 Blueberry Rd,Metropolis,IL,31311
Joe,Smith,Lameco,229 Blueberry Rd,Metropolis,IL,31311
Joe,Smith,Lameco,230 Blueberry Rd,Metropolis,IL,31311
Joe,Smith,Lameco,231 Blueberry Rd,Metropolis,IL,31311
Joe,Smith,Lameco,232 Blueberry Rd,Metropolis,IL,31311
Joe,Smith,Lameco,233 Blueberry Rd,Metropolis,IL,31311
Joe,Smith,Lameco,234 Blueberry Rd,Metropolis,IL,31311
Joe,Smith,Lameco,235 Blueberry Rd,Metropolis,IL,31311
Joe,Smith,Lameco,236 Blueberry Rd,Metropolis,IL,31311
Joe,Smith,Lameco,237 Blueberry Rd,Metropolis,IL,31311
Joe,Smith,Lameco,238 Blueberry Rd,Metropolis,IL,31311
Joe,Smith,Lameco,239 Blueberry Rd,Metropolis,IL,31311
Joe,Smith,Lameco,240 Blueberry Rd,Metropolis,IL,31311
Joe,Smith,Lameco,241 Blueberry Rd,Metropolis,IL,31311
Joe,Smith,Lameco,242 Blueberry Rd,Metropolis,IL,31311
Joe,Smith,Lameco,243 Blueberry Rd,Metropolis,IL,31311
Joe,Smith,Lameco,244 Blueberry Rd,Metropolis,IL,31311
Joe,Smith,Lameco,245 Blueberry Rd,Metropolis,IL,31311
Joe,Smith,Lameco,246 Blueberry Rd,Metropolis,IL,31311
Joe,Smith,Lameco,247 Blueberry Rd,Metropolis,IL,31311
Joe,Smith,Lameco,248 Blueberry Rd,Metropolis,IL,31311
Joe,Smith,Lameco,249 Blueberry Rd,Metropolis,IL,31311
Joe,Smith,Lameco,250 Blueberry Rd,Metropolis,IL,31311
Joe,Smith,Lameco,251 Blueberry Rd,Metropolis,IL,31311
Joe,Smith,Lameco,252 Blueberry Rd,Metropolis,IL,31311
Joe,Smith,Lameco,253 Blueberry Rd,Metropolis,IL,31311
Joe,Smith,Lameco,254 Blueberry Rd,Metropolis,IL,31311
Joe,Smith,Lameco,255 Blueberry Rd,Metropolis,IL,31311
Joe,Smith,Lameco,256 Blueberry Rd,Metropolis,IL,31311
Joe,Smith,Lameco,257 Blueberry Rd,Metropolis,IL,31311
Joe,Smith,Lameco,258 Blueberry Rd,Metropolis,IL,31311
Joe,Smith,Lameco,259 Blueberry Rd,Metropolis,IL,31311
Joe,Smith,Lameco,260 Blueberry Rd,Metropolis,IL,31311
Joe,Smith,Lameco,261 Blueberry Rd,Metropolis,IL,31311
Joe,Smith,Lameco,262 Blueberry Rd,Metropolis,IL,31311
Joe,Smith,Lameco,263 Blueberry Rd,Metropolis,IL,31311
Joe,Smith,Lameco,264 Blueberry Rd,Metropolis,IL,31311
Joe,Smith,Lameco,265 Blueberry Rd,Metropolis,IL,31311
Joe,Smith,Lameco,266 Blueberry Rd,Metropolis,IL,31311
Joe,Smith,Lameco,267 Blueberry Rd,Metropolis,IL,31311
Joe,Smith,Lameco,268 Blueberry Rd,Metropolis,IL,31311
Joe,Smith,Lameco,269 Blueberry Rd,Metropolis,IL,31311
Joe,Smith,Lameco,270 Blueberry Rd,Metropolis,IL,31311
Joe,Smith,Lameco,271 Blueberry Rd,Metropolis,IL,31311
Joe,Smith,Lameco,272 Blueberry Rd,Metropolis,IL,31311
Joe,Smith,Lameco,273 Blueberry Rd,Metropolis,IL,31311
Joe,Smith,Lameco,274 Blueberry Rd,Metropolis,IL,31311
Joe,Smith,Lameco,275 Blueberry Rd,Metropolis,IL,31311
Joe,Smith,Lameco,276 Blueberry Rd,Metropolis,IL,31311
Joe,Smith,Lameco,277 Blueberry Rd,Metropolis,IL,31311
Joe,Smith,Lameco,278 Blueberry Rd,Metropolis,IL,31311
Joe,Smith,Lameco,279 Blueberry Rd,Metropolis,IL,31311
Joe,Smith,Lameco,280 Blueberry Rd,Metropolis,IL,31311
Joe,Smith,Lameco,281 Blueberry Rd,Metropolis,IL,31311
Joe,Smith,Lameco,282 Blueberry Rd,Metropolis,IL,31311
Joe,Smith,Lameco,283 Blueberry Rd,Metropolis,IL,31311
Joe,Smith,Lameco,284 Blueberry Rd,Metropolis,IL,31311
Joe,Smith,Lameco,285 Blueberry Rd,Metropolis,IL,31311
Joe,Smith,Lameco,286 Blueberry Rd,Metropolis,IL,31311
Joe,Smith,Lameco,287 Blueberry Rd,Metropolis,IL,31311
Joe,Smith,Lameco,288 Blueberry Rd,Metropolis,IL,31311
Joe,Smith,Lameco,289 Blueberry Rd,Metropolis,IL,31311
Joe,Smith,Lameco,290 Blueberry Rd,Metropolis,IL,31311
Joe,Smith,Lameco,291 Blueberry Rd,Metropolis,IL,31311
Joe,Smith,Lameco,292 Blueberry Rd,Metropolis,IL,31311
Joe,Smith,Lameco,293 Blueberry Rd,Metropolis,IL,31311
Joe,Smith,Lameco,294 Blueberry Rd,Metropolis,IL,31311
Joe,Smith,Lameco,295 Blueberry Rd,Metropolis,IL,31311
Joe,Smith,Lameco,296 Blueberry Rd,Metropolis,IL,31311
Joe,Smith,Lameco,297 Blueberry Rd,Metropolis,IL,31311
Joe,Smith,Lameco,298 Blueberry Rd,Metropolis,IL,31311
Joe,Smith,Lameco,299 Blueberry Rd,Metropolis,IL,31311
Joe,Smith,Lameco,300 Blueberry Rd,Metropolis,IL,31311
Joe,Smith,Lameco,301 Blueberry Rd,Metropolis,IL,31311
Joe,Smith,Lameco,302 Blueberry Rd,Metropolis,IL,31311
Joe,Smith,Lameco,303 Blueberry Rd,Metropolis,IL,31311
Joe,Smith,Lameco,304 Blueberry Rd,Metropolis,IL,31311
Joe,Smith,Lameco,305 Blueberry Rd,Metropolis,IL,31311
Joe,Smith,Lameco,306 Blueberry Rd,Metropolis,IL,31311
Joe,Smith,Lameco,307 Blueberry Rd,Metropolis,IL,31311
Joe,Smith,Lameco,308 Blueberry Rd,Metropolis,IL,31311
Joe,Smith,Lameco,309 Blueberry Rd,Metropolis,IL,31311
Joe,Smith,Lameco,310 Blueberry Rd,Metropolis,IL,31311
Joe,Smith,Lameco,311 Blueberry Rd,Metropolis,IL,31311
Joe,Smith,Lameco,312 Blueberry Rd,Metropolis,IL,31311
Joe,Smith,Lameco,313 Blueberry Rd,Metropolis,IL,31311
Joe,Smith,Lameco,314 Blueberry Rd,Metropolis,IL,31311
Joe,Smith,Lameco,315 Blueberry Rd,Metropolis,IL,31311
Joe,Smith,Lameco,316 Blueberry Rd,Metropolis,IL,31311
Joe,Smith,Lameco,317 Blueberry Rd,Metropolis,IL,31311
Joe,Smith,Lameco,318 Blueberry Rd,Metropolis,IL,31311
Joe,Smith,Lameco,319 Blueberry Rd,Metropolis,IL,31311
Joe,Smith,Lameco,320 Blueberry Rd,Metropolis,IL,31311
Joe,Smith,Lameco,321 Blueberry Rd,Metropolis,IL,31311
Joe,Smith,Lameco,322 Blueberry Rd,Metropolis,IL,31311
Joe,Smith,Lameco,323 Blueberry Rd,Metropolis,IL,31311
Joe,Smith,Lameco,324 Blueberry Rd,Metropolis,IL,31311
Joe,Smith,Lameco,325 Blueberry Rd,Metropolis,IL,31311
Joe,Smith,Lameco,326 Blueberry Rd,Metropolis,IL,31311
Joe,Smith,Lameco,327 Blueberry Rd,Metropolis,IL,31311
Joe,Smith,Lameco,328 Blueberry Rd,Metropolis,IL,31311
Joe,Smith,Lameco,329 Blueberry Rd,Metropolis,IL,31311
Joe,Smith,Lameco,330 Blueberry Rd,Metropolis,IL,31311
Joe,Smith,Lameco,331 Blueberry Rd,Metropolis,IL,31311
Joe,Smith,Lameco,332 Blueberry Rd,Metropolis,IL,31311
Joe,Smith,Lameco,333 Blueberry Rd,Metropolis,IL,31311
Joe,Smith,Lameco,334 Blueberry Rd,Metropolis,IL,31311
Joe,Smith,Lameco,335 Blueberry Rd,Metropolis,IL,31311
Joe,Smith,Lameco,336 Blueberry Rd,Metropolis,IL,31311
Joe,Smith,Lameco,337 Blueberry Rd,Metropolis,IL,31311
Joe,Smith,Lameco,338 Blueberry Rd,Metropolis,IL,31311
Joe,Smith,Lameco,339 Blueberry Rd,Metropolis,IL,31311
Joe,Smith,Lameco,340 Blueberry Rd,Metropolis,IL,31311
Joe,Smith,Lameco,341 Blueberry Rd,Metropolis,IL,31311
Joe,Smith,Lameco,342 Blueberry Rd,Metropolis,IL,31311
Joe,Smith,Lameco,343 Blueberry Rd,Metropolis,IL,31311
Joe,Smith,Lameco,344 Blueberry Rd,Metropolis,IL,31311
Joe,Smith,Lameco,345 Blueberry Rd,Metropolis,IL,31311
Joe,Smith,Lameco,346 Blueberry Rd,Metropolis,IL,31311
Joe,Smith,Lameco,347 Blueberry Rd,Metropolis,IL,31311
Joe,Smith,Lameco,348 Blueberry Rd,Metropolis,IL,31311
Joe,Smith,Lameco,349 Blueberry Rd,Metropolis,IL,31311
Joe,Smith,Lameco,350 Blueberry Rd,Metropolis,IL,31311
Joe,Smith,Lameco,351 Blueberry Rd,Metropolis,IL,31311
Joe,Smith,Lameco,352 Blueberry Rd,Metropolis,IL,31311
Joe,Smith,Lameco,353 Blueberry Rd,Metropolis,IL,31311
Joe,Smith,Lameco,354 Blueberry Rd,Metropolis,IL,31311
Joe,Smith,Lameco,355 Blueberry Rd,Metropolis,IL,31311
Joe,Smith,Lameco,356 Blueberry Rd,Metropolis,IL,31311
Joe,Smith,Lameco,357 Blueberry Rd,Metropolis,IL,31311
Joe,Smith,Lameco,358 Blueberry Rd,Metropolis,IL,31311
Joe,Smith,Lameco,359 Blueberry Rd,Metropolis,IL,31311
Joe,Smith,Lameco,360 Blueberry Rd,Metropolis,IL,31311
Joe,Smith,Lameco,361 Blueberry Rd,Metropolis,IL,31311
Joe,Smith,Lameco,362 Blueberry Rd,Metropolis,IL,31311